{"cameraMode":{"drawMode":0,"name":"Shaded","section":"Shading Mode"},"sceneLighting":true,"audioPlay":false,"sceneViewState":{"m_AlwaysRefresh":false,"showFog":true,"showSkybox":true,"showFlares":true,"showImageEffects":true,"showParticleSystems":true,"showVisualEffectGraphs":true,"m_FxEnabled":true},"in2DMode":false,"pivot":{"x":-3.0098063945770265,"y":-8.135159492492676,"z":-15.995986938476563},"rotation":{"x":0.039815716445446017,"y":-0.9557308554649353,"z":0.24792131781578065,"w":0.15354298055171967},"size":12.12435531616211,"orthographic":false}