{"cameraMode":{"drawMode":0,"name":"Shaded","section":"Shading Mode"},"sceneLighting":true,"audioPlay":false,"sceneViewState":{"m_AlwaysRefresh":false,"showFog":true,"showSkybox":true,"showFlares":true,"showImageEffects":true,"showParticleSystems":true,"showVisualEffectGraphs":true,"m_FxEnabled":true},"in2DMode":false,"pivot":{"x":-3.667833089828491,"y":4.347654342651367,"z":14.90549087524414},"rotation":{"x":-0.060844916850328448,"y":-0.10015018284320831,"z":-0.006154647096991539,"w":0.9931250810623169},"size":12.504937171936036,"orthographic":false}